MatchID,TeamName
1,"Sunrisers Hyderabad"
2,"Mumbai Indians"
3,"Gujarat Lions"
4,"Kings XI Punjab"
5,"Delhi Daredevils"
6,"Sunrisers Hyderabad"
6,"Gujarat Lions"
7,"Mumbai Indians"
8,"Kings XI Punjab"
9,"Delhi Daredevils"
10,"Sunrisers Hyderabad"
10,"Mumbai Indians"
11,"Kings XI Punjab"
12,"Mumbai Indians"
13,"Gujarat Lions"
14,"Sunrisers Hyderabad"
15,"Kings XI Punjab"
15,"Delhi Daredevils"
16,"Mumbai Indians"
16,"Gujarat Lions"
18,"Delhi Daredevils"
19,"Sunrisers Hyderabad"
19,"Kings XI Punjab"
20,"Gujarat Lions"
21,"Sunrisers Hyderabad"
21,"Delhi Daredevils"
22,"Mumbai Indians"
22,"Kings XI Punjab"
23,"Gujarat Lions"
24,"Mumbai Indians"
24,"Delhi Daredevils"
25,"Sunrisers Hyderabad"
26,"Kings XI Punjab"
26,"Gujarat Lions"
28,"Mumbai Indians"
30,"Gujarat Lions"
31,"Delhi Daredevils"
32,"Sunrisers Hyderabad"
32,"Kings XI Punjab"
34,"Mumbai Indians"
34,"Gujarat Lions"
35,"Kings XI Punjab"
35,"Delhi Daredevils"
36,"Sunrisers Hyderabad"
37,"Mumbai Indians"
38,"Gujarat Lions"
39,"Sunrisers Hyderabad"
39,"Delhi Daredevils"
41,"Gujarat Lions"
41,"Delhi Daredevils"
42,"Kings XI Punjab"
43,"Sunrisers Hyderabad"
44,"Mumbai Indians"
44,"Delhi Daredevils"
46,"Kings XI Punjab"
46,"Gujarat Lions"
47,"Sunrisers Hyderabad"
47,"Mumbai Indians"
48,"Kings XI Punjab"
49,"Gujarat Lions"
49,"Delhi Daredevils"
50,"Mumbai Indians"
50,"Kings XI Punjab"
51,"Delhi Daredevils"
52,"Sunrisers Hyderabad"
52,"Gujarat Lions"
53,"Mumbai Indians"
54,"Kings XI Punjab"
55,"Delhi Daredevils"
56,"Mumbai Indians"
57,"Sunrisers Hyderabad"
58,"Mumbai Indians"
59,"Mumbai Indians"
61,"Kings XI Punjab"
61,"Chennai Super Kings"
62,"Rajasthan Royals"
62,"Delhi Daredevils"
63,"Mumbai Indians"
64,"Deccan Chargers"
65,"Rajasthan Royals"
65,"Kings XI Punjab"
66,"Delhi Daredevils"
66,"Deccan Chargers"
67,"Mumbai Indians"
67,"Chennai Super Kings"
68,"Rajasthan Royals"
68,"Deccan Chargers"
69,"Mumbai Indians"
69,"Kings XI Punjab"
70,"Rajasthan Royals"
71,"Chennai Super Kings"
72,"Mumbai Indians"
72,"Deccan Chargers"
73,"Kings XI Punjab"
73,"Delhi Daredevils"
74,"Chennai Super Kings"
75,"Mumbai Indians"
76,"Delhi Daredevils"
77,"Kings XI Punjab"
77,"Deccan Chargers"
78,"Rajasthan Royals"
79,"Delhi Daredevils"
79,"Chennai Super Kings"
80,"Deccan Chargers"
81,"Kings XI Punjab"
82,"Mumbai Indians"
82,"Delhi Daredevils"
83,"Rajasthan Royals"
83,"Chennai Super Kings"
84,"Kings XI Punjab"
85,"Deccan Chargers"
85,"Chennai Super Kings"
86,"Rajasthan Royals"
86,"Mumbai Indians"
87,"Delhi Daredevils"
87,"Chennai Super Kings"
89,"Rajasthan Royals"
89,"Deccan Chargers"
90,"Mumbai Indians"
91,"Kings XI Punjab"
91,"Chennai Super Kings"
92,"Deccan Chargers"
93,"Rajasthan Royals"
93,"Delhi Daredevils"
94,"Kings XI Punjab"
95,"Delhi Daredevils"
96,"Mumbai Indians"
96,"Chennai Super Kings"
97,"Rajasthan Royals"
97,"Kings XI Punjab"
98,"Delhi Daredevils"
98,"Deccan Chargers"
99,"Mumbai Indians"
100,"Kings XI Punjab"
100,"Delhi Daredevils"
101,"Rajasthan Royals"
102,"Mumbai Indians"
102,"Deccan Chargers"
103,"Chennai Super Kings"
104,"Delhi Daredevils"
105,"Rajasthan Royals"
106,"Mumbai Indians"
106,"Kings XI Punjab"
107,"Chennai Super Kings"
108,"Kings XI Punjab"
108,"Deccan Chargers"
109,"Mumbai Indians"
109,"Delhi Daredevils"
110,"Rajasthan Royals"
110,"Chennai Super Kings"
111,"Deccan Chargers"
112,"Kings XI Punjab"
113,"Rajasthan Royals"
113,"Mumbai Indians"
114,"Deccan Chargers"
114,"Chennai Super Kings"
115,"Rajasthan Royals"
115,"Delhi Daredevils"
116,"Kings XI Punjab"
116,"Chennai Super Kings"
117,"Rajasthan Royals"
117,"Chennai Super Kings"
118,"Mumbai Indians"
118,"Chennai Super Kings"
119,"Rajasthan Royals"
120,"Kings XI Punjab"
120,"Delhi Daredevils"
121,"Deccan Chargers"
122,"Chennai Super Kings"
123,"Kings XI Punjab"
124,"Deccan Chargers"
125,"Delhi Daredevils"
125,"Chennai Super Kings"
126,"Rajasthan Royals"
127,"Kings XI Punjab"
128,"Mumbai Indians"
128,"Deccan Chargers"
129,"Delhi Daredevils"
130,"Rajasthan Royals"
130,"Kings XI Punjab"
131,"Deccan Chargers"
131,"Chennai Super Kings"
132,"Mumbai Indians"
133,"Rajasthan Royals"
133,"Delhi Daredevils"
135,"Mumbai Indians"
135,"Kings XI Punjab"
136,"Delhi Daredevils"
136,"Deccan Chargers"
137,"Rajasthan Royals"
137,"Chennai Super Kings"
138,"Mumbai Indians"
139,"Kings XI Punjab"
140,"Rajasthan Royals"
140,"Deccan Chargers"
141,"Delhi Daredevils"
141,"Chennai Super Kings"
142,"Kings XI Punjab"
143,"Mumbai Indians"
144,"Deccan Chargers"
144,"Chennai Super Kings"
145,"Rajasthan Royals"
145,"Kings XI Punjab"
146,"Delhi Daredevils"
147,"Mumbai Indians"
147,"Deccan Chargers"
148,"Rajasthan Royals"
149,"Kings XI Punjab"
149,"Chennai Super Kings"
150,"Mumbai Indians"
150,"Delhi Daredevils"
151,"Kings XI Punjab"
151,"Deccan Chargers"
152,"Rajasthan Royals"
152,"Chennai Super Kings"
153,"Mumbai Indians"
154,"Delhi Daredevils"
155,"Rajasthan Royals"
155,"Deccan Chargers"
157,"Mumbai Indians"
157,"Kings XI Punjab"
158,"Delhi Daredevils"
158,"Deccan Chargers"
159,"Chennai Super Kings"
160,"Rajasthan Royals"
160,"Mumbai Indians"
161,"Kings XI Punjab"
161,"Delhi Daredevils"
162,"Mumbai Indians"
162,"Chennai Super Kings"
163,"Deccan Chargers"
164,"Kings XI Punjab"
164,"Deccan Chargers"
165,"Rajasthan Royals"
165,"Delhi Daredevils"
166,"Chennai Super Kings"
167,"Delhi Daredevils"
168,"Rajasthan Royals"
169,"Kings XI Punjab"
169,"Chennai Super Kings"
170,"Mumbai Indians"
170,"Delhi Daredevils"
171,"Deccan Chargers"
172,"Delhi Daredevils"
172,"Deccan Chargers"
173,"Chennai Super Kings"
174,"Deccan Chargers"
175,"Deccan Chargers"
176,"Rajasthan Royals"
176,"Mumbai Indians"
177,"Kings XI Punjab"
177,"Delhi Daredevils"
179,"Deccan Chargers"
179,"Chennai Super Kings"
180,"Rajasthan Royals"
180,"Delhi Daredevils"
181,"Kings XI Punjab"
182,"Chennai Super Kings"
183,"Mumbai Indians"
183,"Delhi Daredevils"
184,"Rajasthan Royals"
185,"Delhi Daredevils"
185,"Chennai Super Kings"
186,"Kings XI Punjab"
186,"Deccan Chargers"
187,"Rajasthan Royals"
188,"Mumbai Indians"
189,"Delhi Daredevils"
189,"Deccan Chargers"
190,"Kings XI Punjab"
190,"Chennai Super Kings"
191,"Mumbai Indians"
192,"Chennai Super Kings"
193,"Rajasthan Royals"
193,"Kings XI Punjab"
194,"Mumbai Indians"
194,"Chennai Super Kings"
195,"Rajasthan Royals"
195,"Deccan Chargers"
196,"Kings XI Punjab"
197,"Delhi Daredevils"
198,"Rajasthan Royals"
198,"Chennai Super Kings"
199,"Mumbai Indians"
199,"Deccan Chargers"
200,"Delhi Daredevils"
201,"Mumbai Indians"
201,"Kings XI Punjab"
202,"Chennai Super Kings"
203,"Rajasthan Royals"
203,"Delhi Daredevils"
204,"Deccan Chargers"
205,"Kings XI Punjab"
206,"Rajasthan Royals"
206,"Chennai Super Kings"
207,"Mumbai Indians"
207,"Deccan Chargers"
208,"Kings XI Punjab"
209,"Delhi Daredevils"
210,"Rajasthan Royals"
210,"Deccan Chargers"
211,"Mumbai Indians"
211,"Chennai Super Kings"
212,"Rajasthan Royals"
212,"Kings XI Punjab"
213,"Delhi Daredevils"
214,"Deccan Chargers"
215,"Mumbai Indians"
215,"Kings XI Punjab"
216,"Deccan Chargers"
216,"Chennai Super Kings"
218,"Kings XI Punjab"
218,"Delhi Daredevils"
219,"Rajasthan Royals"
219,"Mumbai Indians"
220,"Deccan Chargers"
221,"Mumbai Indians"
221,"Delhi Daredevils"
222,"Chennai Super Kings"
223,"Rajasthan Royals"
224,"Delhi Daredevils"
224,"Chennai Super Kings"
225,"Kings XI Punjab"
225,"Deccan Chargers"
226,"Mumbai Indians"
227,"Rajasthan Royals"
228,"Kings XI Punjab"
228,"Chennai Super Kings"
229,"Delhi Daredevils"
229,"Deccan Chargers"
230,"Mumbai Indians"
231,"Mumbai Indians"
232,"Deccan Chargers"
232,"Chennai Super Kings"
233,"Deccan Chargers"
234,"Mumbai Indians"
234,"Chennai Super Kings"
235,"Chennai Super Kings"
236,"Rajasthan Royals"
236,"Deccan Chargers"
237,"Kochi Tuskers Kerala"
238,"Mumbai Indians"
238,"Delhi Daredevils"
239,"Pune Warriors"
239,"Kings XI Punjab"
240,"Deccan Chargers"
241,"Rajasthan Royals"
241,"Delhi Daredevils"
242,"Mumbai Indians"
243,"Kings XI Punjab"
243,"Chennai Super Kings"
244,"Pune Warriors"
244,"Kochi Tuskers Kerala"
245,"Deccan Chargers"
246,"Rajasthan Royals"
247,"Mumbai Indians"
247,"Kochi Tuskers Kerala"
248,"Chennai Super Kings"
249,"Kings XI Punjab"
249,"Deccan Chargers"
250,"Pune Warriors"
250,"Delhi Daredevils"
251,"Rajasthan Royals"
252,"Kochi Tuskers Kerala"
252,"Chennai Super Kings"
253,"Delhi Daredevils"
253,"Deccan Chargers"
254,"Pune Warriors"
254,"Mumbai Indians"
255,"Kochi Tuskers Kerala"
256,"Rajasthan Royals"
256,"Kings XI Punjab"
257,"Mumbai Indians"
257,"Chennai Super Kings"
259,"Kings XI Punjab"
259,"Delhi Daredevils"
260,"Mumbai Indians"
260,"Deccan Chargers"
261,"Rajasthan Royals"
261,"Kochi Tuskers Kerala"
262,"Pune Warriors"
262,"Chennai Super Kings"
263,"Delhi Daredevils"
264,"Pune Warriors"
264,"Chennai Super Kings"
265,"Kochi Tuskers Kerala"
265,"Deccan Chargers"
266,"Delhi Daredevils"
267,"Rajasthan Royals"
267,"Mumbai Indians"
268,"Pune Warriors"
269,"Kochi Tuskers Kerala"
269,"Delhi Daredevils"
270,"Kings XI Punjab"
271,"Rajasthan Royals"
271,"Pune Warriors"
272,"Deccan Chargers"
272,"Chennai Super Kings"
273,"Mumbai Indians"
273,"Kings XI Punjab"
274,"Kochi Tuskers Kerala"
274,"Delhi Daredevils"
275,"Deccan Chargers"
276,"Rajasthan Royals"
276,"Chennai Super Kings"
277,"Pune Warriors"
277,"Mumbai Indians"
278,"Kochi Tuskers Kerala"
279,"Delhi Daredevils"
279,"Deccan Chargers"
280,"Kings XI Punjab"
281,"Chennai Super Kings"
282,"Mumbai Indians"
282,"Delhi Daredevils"
283,"Kochi Tuskers Kerala"
284,"Pune Warriors"
284,"Kings XI Punjab"
285,"Rajasthan Royals"
285,"Chennai Super Kings"
286,"Pune Warriors"
286,"Deccan Chargers"
287,"Mumbai Indians"
287,"Kings XI Punjab"
288,"Rajasthan Royals"
289,"Delhi Daredevils"
289,"Chennai Super Kings"
290,"Kochi Tuskers Kerala"
290,"Kings XI Punjab"
292,"Mumbai Indians"
292,"Deccan Chargers"
293,"Kings XI Punjab"
293,"Delhi Daredevils"
294,"Rajasthan Royals"
294,"Kochi Tuskers Kerala"
295,"Pune Warriors"
295,"Deccan Chargers"
296,"Kings XI Punjab"
297,"Kochi Tuskers Kerala"
297,"Chennai Super Kings"
298,"Pune Warriors"
299,"Rajasthan Royals"
299,"Mumbai Indians"
300,"Kings XI Punjab"
300,"Deccan Chargers"
301,"Pune Warriors"
301,"Delhi Daredevils"
302,"Chennai Super Kings"
303,"Mumbai Indians"
304,"Chennai Super Kings"
305,"Mumbai Indians"
306,"Mumbai Indians"
307,"Chennai Super Kings"
308,"Mumbai Indians"
308,"Chennai Super Kings"
309,"Delhi Daredevils"
310,"Pune Warriors"
310,"Mumbai Indians"
311,"Rajasthan Royals"
311,"Kings XI Punjab"
312,"Delhi Daredevils"
313,"Deccan Chargers"
313,"Chennai Super Kings"
314,"Rajasthan Royals"
315,"Pune Warriors"
315,"Kings XI Punjab"
316,"Mumbai Indians"
316,"Deccan Chargers"
318,"Delhi Daredevils"
318,"Chennai Super Kings"
319,"Rajasthan Royals"
319,"Mumbai Indians"
320,"Chennai Super Kings"
321,"Pune Warriors"
321,"Kings XI Punjab"
322,"Rajasthan Royals"
323,"Delhi Daredevils"
323,"Deccan Chargers"
324,"Pune Warriors"
324,"Chennai Super Kings"
325,"Kings XI Punjab"
326,"Rajasthan Royals"
327,"Mumbai Indians"
327,"Delhi Daredevils"
328,"Rajasthan Royals"
328,"Deccan Chargers"
329,"Pune Warriors"
330,"Kings XI Punjab"
331,"Delhi Daredevils"
331,"Deccan Chargers"
332,"Pune Warriors"
332,"Chennai Super Kings"
333,"Kings XI Punjab"
334,"Rajasthan Royals"
334,"Chennai Super Kings"
335,"Pune Warriors"
335,"Delhi Daredevils"
336,"Mumbai Indians"
336,"Kings XI Punjab"
337,"Deccan Chargers"
338,"Rajasthan Royals"
339,"Pune Warriors"
339,"Delhi Daredevils"
340,"Mumbai Indians"
340,"Kings XI Punjab"
341,"Pune Warriors"
341,"Deccan Chargers"
342,"Mumbai Indians"
342,"Delhi Daredevils"
343,"Kings XI Punjab"
343,"Chennai Super Kings"
345,"Rajasthan Royals"
345,"Delhi Daredevils"
346,"Mumbai Indians"
346,"Deccan Chargers"
347,"Chennai Super Kings"
348,"Pune Warriors"
348,"Deccan Chargers"
349,"Rajasthan Royals"
349,"Delhi Daredevils"
350,"Kings XI Punjab"
351,"Pune Warriors"
351,"Mumbai Indians"
352,"Deccan Chargers"
352,"Chennai Super Kings"
353,"Pune Warriors"
354,"Rajasthan Royals"
354,"Kings XI Punjab"
355,"Mumbai Indians"
355,"Chennai Super Kings"
356,"Deccan Chargers"
357,"Delhi Daredevils"
358,"Rajasthan Royals"
358,"Pune Warriors"
359,"Kings XI Punjab"
359,"Deccan Chargers"
360,"Mumbai Indians"
361,"Rajasthan Royals"
361,"Chennai Super Kings"
362,"Pune Warriors"
363,"Mumbai Indians"
364,"Delhi Daredevils"
364,"Chennai Super Kings"
365,"Rajasthan Royals"
365,"Pune Warriors"
366,"Kings XI Punjab"
366,"Deccan Chargers"
367,"Mumbai Indians"
368,"Chennai Super Kings"
369,"Kings XI Punjab"
369,"Delhi Daredevils"
370,"Mumbai Indians"
371,"Kings XI Punjab"
371,"Chennai Super Kings"
372,"Delhi Daredevils"
373,"Rajasthan Royals"
373,"Deccan Chargers"
374,"Kings XI Punjab"
374,"Delhi Daredevils"
375,"Pune Warriors"
376,"Deccan Chargers"
377,"Rajasthan Royals"
377,"Mumbai Indians"
378,"Delhi Daredevils"
379,"Mumbai Indians"
379,"Chennai Super Kings"
380,"Delhi Daredevils"
380,"Chennai Super Kings"
381,"Chennai Super Kings"
382,"Delhi Daredevils"
383,"Mumbai Indians"
384,"Sunrisers Hyderabad"
384,"Pune Warriors"
385,"Rajasthan Royals"
385,"Delhi Daredevils"
386,"Mumbai Indians"
386,"Chennai Super Kings"
387,"Pune Warriors"
387,"Kings XI Punjab"
388,"Sunrisers Hyderabad"
389,"Rajasthan Royals"
390,"Mumbai Indians"
390,"Delhi Daredevils"
391,"Kings XI Punjab"
391,"Chennai Super Kings"
393,"Rajasthan Royals"
393,"Pune Warriors"
394,"Sunrisers Hyderabad"
394,"Delhi Daredevils"
395,"Pune Warriors"
395,"Mumbai Indians"
396,"Chennai Super Kings"
397,"Sunrisers Hyderabad"
398,"Rajasthan Royals"
398,"Kings XI Punjab"
399,"Pune Warriors"
399,"Chennai Super Kings"
400,"Kings XI Punjab"
401,"Delhi Daredevils"
402,"Sunrisers Hyderabad"
402,"Pune Warriors"
403,"Rajasthan Royals"
403,"Mumbai Indians"
404,"Delhi Daredevils"
404,"Chennai Super Kings"
405,"Sunrisers Hyderabad"
405,"Kings XI Punjab"
406,"Chennai Super Kings"
407,"Rajasthan Royals"
408,"Mumbai Indians"
408,"Delhi Daredevils"
409,"Pune Warriors"
409,"Kings XI Punjab"
410,"Rajasthan Royals"
410,"Chennai Super Kings"
411,"Pune Warriors"
412,"Kings XI Punjab"
412,"Delhi Daredevils"
413,"Mumbai Indians"
414,"Sunrisers Hyderabad"
414,"Chennai Super Kings"
415,"Kings XI Punjab"
416,"Sunrisers Hyderabad"
416,"Rajasthan Royals"
417,"Mumbai Indians"
418,"Chennai Super Kings"
419,"Pune Warriors"
419,"Delhi Daredevils"
420,"Rajasthan Royals"
421,"Mumbai Indians"
421,"Kings XI Punjab"
422,"Pune Warriors"
422,"Chennai Super Kings"
423,"Sunrisers Hyderabad"
423,"Mumbai Indians"
424,"Delhi Daredevils"
425,"Kings XI Punjab"
425,"Chennai Super Kings"
426,"Pune Warriors"
427,"Rajasthan Royals"
428,"Sunrisers Hyderabad"
428,"Delhi Daredevils"
429,"Kings XI Punjab"
430,"Mumbai Indians"
430,"Chennai Super Kings"
431,"Rajasthan Royals"
431,"Pune Warriors"
432,"Sunrisers Hyderabad"
433,"Rajasthan Royals"
433,"Delhi Daredevils"
434,"Mumbai Indians"
435,"Sunrisers Hyderabad"
435,"Chennai Super Kings"
436,"Rajasthan Royals"
436,"Kings XI Punjab"
437,"Pune Warriors"
438,"Delhi Daredevils"
439,"Pune Warriors"
439,"Mumbai Indians"
440,"Sunrisers Hyderabad"
440,"Kings XI Punjab"
442,"Rajasthan Royals"
442,"Chennai Super Kings"
443,"Kings XI Punjab"
443,"Delhi Daredevils"
444,"Sunrisers Hyderabad"
444,"Mumbai Indians"
445,"Pune Warriors"
446,"Delhi Daredevils"
446,"Chennai Super Kings"
447,"Rajasthan Royals"
447,"Mumbai Indians"
448,"Kings XI Punjab"
449,"Sunrisers Hyderabad"
449,"Rajasthan Royals"
450,"Mumbai Indians"
450,"Kings XI Punjab"
451,"Pune Warriors"
451,"Delhi Daredevils"
452,"Chennai Super Kings"
453,"Sunrisers Hyderabad"
454,"Mumbai Indians"
454,"Chennai Super Kings"
455,"Sunrisers Hyderabad"
455,"Rajasthan Royals"
456,"Rajasthan Royals"
456,"Mumbai Indians"
457,"Mumbai Indians"
457,"Chennai Super Kings"
458,"Mumbai Indians"
459,"Delhi Daredevils"
460,"Kings XI Punjab"
460,"Chennai Super Kings"
461,"Sunrisers Hyderabad"
461,"Rajasthan Royals"
462,"Mumbai Indians"
463,"Delhi Daredevils"
464,"Rajasthan Royals"
464,"Kings XI Punjab"
465,"Delhi Daredevils"
465,"Chennai Super Kings"
466,"Sunrisers Hyderabad"
466,"Kings XI Punjab"
467,"Rajasthan Royals"
467,"Chennai Super Kings"
469,"Sunrisers Hyderabad"
469,"Delhi Daredevils"
470,"Mumbai Indians"
470,"Chennai Super Kings"
471,"Rajasthan Royals"
472,"Kings XI Punjab"
473,"Mumbai Indians"
473,"Delhi Daredevils"
474,"Sunrisers Hyderabad"
474,"Chennai Super Kings"
475,"Kings XI Punjab"
476,"Rajasthan Royals"
477,"Sunrisers Hyderabad"
477,"Mumbai Indians"
478,"Chennai Super Kings"
479,"Mumbai Indians"
479,"Kings XI Punjab"
480,"Rajasthan Royals"
480,"Delhi Daredevils"
481,"Sunrisers Hyderabad"
482,"Rajasthan Royals"
483,"Delhi Daredevils"
483,"Chennai Super Kings"
484,"Mumbai Indians"
485,"Delhi Daredevils"
486,"Kings XI Punjab"
486,"Chennai Super Kings"
487,"Sunrisers Hyderabad"
487,"Rajasthan Royals"
488,"Kings XI Punjab"
489,"Sunrisers Hyderabad"
489,"Delhi Daredevils"
490,"Mumbai Indians"
490,"Chennai Super Kings"
491,"Kings XI Punjab"
492,"Rajasthan Royals"
493,"Sunrisers Hyderabad"
493,"Mumbai Indians"
494,"Rajasthan Royals"
494,"Chennai Super Kings"
495,"Delhi Daredevils"
496,"Sunrisers Hyderabad"
496,"Kings XI Punjab"
497,"Mumbai Indians"
498,"Rajasthan Royals"
498,"Delhi Daredevils"
499,"Chennai Super Kings"
500,"Sunrisers Hyderabad"
501,"Rajasthan Royals"
501,"Mumbai Indians"
502,"Kings XI Punjab"
502,"Delhi Daredevils"
503,"Sunrisers Hyderabad"
504,"Chennai Super Kings"
505,"Mumbai Indians"
505,"Kings XI Punjab"
507,"Sunrisers Hyderabad"
507,"Chennai Super Kings"
508,"Mumbai Indians"
508,"Delhi Daredevils"
509,"Rajasthan Royals"
509,"Kings XI Punjab"
510,"Chennai Super Kings"
511,"Sunrisers Hyderabad"
512,"Kings XI Punjab"
512,"Delhi Daredevils"
513,"Rajasthan Royals"
513,"Mumbai Indians"
514,"Kings XI Punjab"
515,"Mumbai Indians"
515,"Chennai Super Kings"
516,"Kings XI Punjab"
516,"Chennai Super Kings"
517,"Kings XI Punjab"
518,"Mumbai Indians"
519,"Delhi Daredevils"
519,"Chennai Super Kings"
520,"Rajasthan Royals"
520,"Kings XI Punjab"
521,"Sunrisers Hyderabad"
521,"Chennai Super Kings"
523,"Rajasthan Royals"
523,"Delhi Daredevils"
524,"Mumbai Indians"
524,"Kings XI Punjab"
525,"Sunrisers Hyderabad"
526,"Rajasthan Royals"
526,"Mumbai Indians"
527,"Chennai Super Kings"
528,"Kings XI Punjab"
528,"Delhi Daredevils"
529,"Sunrisers Hyderabad"
529,"Rajasthan Royals"
530,"Mumbai Indians"
530,"Chennai Super Kings"
531,"Sunrisers Hyderabad"
531,"Delhi Daredevils"
532,"Kings XI Punjab"
533,"Rajasthan Royals"
533,"Chennai Super Kings"
534,"Mumbai Indians"
535,"Delhi Daredevils"
536,"Rajasthan Royals"
536,"Kings XI Punjab"
537,"Sunrisers Hyderabad"
538,"Chennai Super Kings"
539,"Mumbai Indians"
539,"Delhi Daredevils"
540,"Rajasthan Royals"
541,"Sunrisers Hyderabad"
541,"Mumbai Indians"
542,"Kings XI Punjab"
542,"Chennai Super Kings"
543,"Delhi Daredevils"
544,"Sunrisers Hyderabad"
544,"Kings XI Punjab"
545,"Delhi Daredevils"
546,"Rajasthan Royals"
547,"Chennai Super Kings"
548,"Kings XI Punjab"
548,"Delhi Daredevils"
549,"Rajasthan Royals"
549,"Mumbai Indians"
551,"Sunrisers Hyderabad"
551,"Chennai Super Kings"
552,"Mumbai Indians"
552,"Kings XI Punjab"
553,"Rajasthan Royals"
553,"Delhi Daredevils"
554,"Chennai Super Kings"
555,"Sunrisers Hyderabad"
556,"Mumbai Indians"
556,"Delhi Daredevils"
557,"Kings XI Punjab"
558,"Sunrisers Hyderabad"
558,"Rajasthan Royals"
559,"Mumbai Indians"
559,"Chennai Super Kings"
560,"Kings XI Punjab"
561,"Sunrisers Hyderabad"
561,"Delhi Daredevils"
562,"Mumbai Indians"
563,"Rajasthan Royals"
563,"Chennai Super Kings"
564,"Sunrisers Hyderabad"
564,"Kings XI Punjab"
565,"Delhi Daredevils"
565,"Chennai Super Kings"
566,"Kings XI Punjab"
567,"Mumbai Indians"
568,"Sunrisers Hyderabad"
569,"Kings XI Punjab"
569,"Chennai Super Kings"
570,"Rajasthan Royals"
571,"Delhi Daredevils"
572,"Sunrisers Hyderabad"
572,"Mumbai Indians"
573,"Mumbai Indians"
573,"Chennai Super Kings"
574,"Rajasthan Royals"
575,"Chennai Super Kings"
576,"Mumbai Indians"
576,"Chennai Super Kings"
577,"Mumbai Indians"
578,"Delhi Daredevils"
579,"Kings XI Punjab"
579,"Gujarat Lions"
580,"Sunrisers Hyderabad"
581,"Mumbai Indians"
582,"Gujarat Lions"
583,"Kings XI Punjab"
583,"Delhi Daredevils"
584,"Sunrisers Hyderabad"
585,"Mumbai Indians"
585,"Gujarat Lions"
586,"Kings XI Punjab"
587,"Delhi Daredevils"
588,"Sunrisers Hyderabad"
588,"Mumbai Indians"
589,"Kings XI Punjab"
590,"Mumbai Indians"
591,"Sunrisers Hyderabad"
591,"Gujarat Lions"
593,"Mumbai Indians"
593,"Delhi Daredevils"
594,"Sunrisers Hyderabad"
594,"Kings XI Punjab"
595,"Gujarat Lions"
597,"Mumbai Indians"
597,"Kings XI Punjab"
598,"Sunrisers Hyderabad"
599,"Gujarat Lions"
599,"Delhi Daredevils"
600,"Mumbai Indians"
601,"Gujarat Lions"
602,"Delhi Daredevils"
603,"Sunrisers Hyderabad"
604,"Kings XI Punjab"
604,"Gujarat Lions"
605,"Mumbai Indians"
607,"Gujarat Lions"
607,"Delhi Daredevils"
608,"Kings XI Punjab"
609,"Delhi Daredevils"
610,"Sunrisers Hyderabad"
610,"Gujarat Lions"
612,"Kings XI Punjab"
612,"Delhi Daredevils"
613,"Sunrisers Hyderabad"
613,"Mumbai Indians"
614,"Gujarat Lions"
615,"Kings XI Punjab"
616,"Sunrisers Hyderabad"
617,"Mumbai Indians"
618,"Sunrisers Hyderabad"
618,"Delhi Daredevils"
619,"Mumbai Indians"
619,"Kings XI Punjab"
620,"Gujarat Lions"
622,"Sunrisers Hyderabad"
622,"Kings XI Punjab"
623,"Mumbai Indians"
623,"Delhi Daredevils"
625,"Delhi Daredevils"
626,"Kings XI Punjab"
627,"Gujarat Lions"
628,"Sunrisers Hyderabad"
628,"Delhi Daredevils"
629,"Kings XI Punjab"
630,"Mumbai Indians"
630,"Gujarat Lions"
631,"Sunrisers Hyderabad"
632,"Delhi Daredevils"
633,"Gujarat Lions"
634,"Sunrisers Hyderabad"
635,"Sunrisers Hyderabad"
635,"Gujarat Lions"
636,"Sunrisers Hyderabad"
7894,"Mumbai Indians"
7894,"Chennai Super Kings"
7895,"Kings XI Punjab"
7895,"Delhi Daredevils"
7897,"Sunrisers Hyderabad"
7897,"Rajasthan Royals"
7898,"Chennai Super Kings"
7899,"Rajasthan Royals"
7899,"Delhi Daredevils"
7900,"Sunrisers Hyderabad"
7900,"Mumbai Indians"
7901,"Kings XI Punjab"
7902,"Mumbai Indians"
7902,"Delhi Daredevils"
7903,"Sunrisers Hyderabad"
7904,"Rajasthan Royals"
7905,"Kings XI Punjab"
7905,"Chennai Super Kings"
7906,"Delhi Daredevils"
7907,"Mumbai Indians"
7908,"Rajasthan Royals"
7909,"Sunrisers Hyderabad"
7909,"Kings XI Punjab"
7910,"Rajasthan Royals"
7910,"Chennai Super Kings"
7911,"Kings XI Punjab"
7912,"Delhi Daredevils"
7913,"Sunrisers Hyderabad"
7913,"Chennai Super Kings"
7914,"Rajasthan Royals"
7914,"Mumbai Indians"
7915,"Kings XI Punjab"
7915,"Delhi Daredevils"
7916,"Sunrisers Hyderabad"
7916,"Mumbai Indians"
7917,"Chennai Super Kings"
7918,"Sunrisers Hyderabad"
7918,"Kings XI Punjab"
7919,"Delhi Daredevils"
7920,"Mumbai Indians"
7920,"Chennai Super Kings"
7921,"Sunrisers Hyderabad"
7921,"Rajasthan Royals"
7923,"Delhi Daredevils"
7923,"Chennai Super Kings"
7924,"Mumbai Indians"
7925,"Rajasthan Royals"
7925,"Delhi Daredevils"
7926,"Chennai Super Kings"
7927,"Mumbai Indians"
7927,"Kings XI Punjab"
7928,"Chennai Super Kings"
7929,"Sunrisers Hyderabad"
7929,"Delhi Daredevils"
7930,"Mumbai Indians"
7931,"Rajasthan Royals"
7931,"Kings XI Punjab"
7932,"Sunrisers Hyderabad"
